50, Dani Emanuelov, Age:, 51, National code:, 8881583501, Address:, 593 Walsh Extension- Suite 888- 66764-0664- East Kris- Montana- United States
51, Row Yegorkov, Age:, 78, National code:, 9542895304, Address:, 73532 Considine Groves- Apt. 860- 91510-9437- South Tom- New Jersey- United States
52, Glad Fancott, Age:, 71, National code:, 3418512768, Address:, 702 Smitham Square- Apt. 333- 46741-9203- Port Yessenia- Hawaii- United States
53, Hakim Alleyn, Age:, 60, National code:, 8455692160, Address:, 639 Burley Summit- Suite 615- 86546- Idellport- Indiana- United States
54, Irita Nunes Nabarro, Age:, 31, National code:, 6237820199, Address:, 9667 Jaquelin Ford- Suite 846- 78487- South Martinemouth- California- United States
55, Miles Sherr, Age:, 81, National code:, 9508918347, Address:, 66638 Faustino Circles- Suite 063- 86947- New Xavier- Washington- United States
56, Elmore Trewin, Age:, 36, National code:, 4912570467, Address:, 40078 Bartoletti Springs- Suite 054- 81556-4584- McKenzietown- Michigan- United States
57, Maximilianus Gonnet, Age:, 3, National code:, 4294488370, Address:, 8164 Carolina Trace- Suite 312- 11778-8183- South Billland- West Virginia- United States
58, Remy Windrus, Age:, 3, National code:, 1657230086, Address:, 75337 Erling Turnpike- Apt. 368- 18175-1094- Donniebury- New Mexico- United States
59, Irita Yegorkov, Age:, 24, National code:, 2986614841, Address:, 503 Witting Squares- Apt. 450- 12072- Port Kraigton- Massachusetts- United States
60, Wade Yegorkov, Age:, 19, National code:, 1336261077, Address:, 58850 Williamson Highway- Apt. 774- 98944- Devonteville- Illinois- United States
61, Bertram Kopfer, Age:, 46, National code:, 4925310608, Address:, 1329 Graham Glen- Suite 308- 75595- Jonesbury- New Jersey- United States
62, Fawn Westwater, Age:, 24, National code:, 9731100075, Address:, 47740 Mona Extensions- Apt. 328- 58668- Terrellshire- Utah- United States
63, Dani Boundley, Age:, 62, National code:, 8380446830, Address:, 4054 Pete Parkway- Apt. 422- 94058-8596- Naomieview- Michigan- United States
64, Beauregard Rapaport, Age:, 23, National code:, 2121575121, Address:, 63816 Legros Fort- Suite 094- 21100- Elishahaven- Colorado- United States
65, Merrili Shafe, Age:, 82, National code:, 5214956684, Address:, 323 Stehr Walk- Apt. 133- 96868-2209- South Cullenport- Michigan- United States
66, Hakim Wabersich, Age:, 33, National code:, 7054437358, Address:, 2329 Frami Alley- Apt. 764- 29133- South Veda- Montana- United States
67, Katherina Shafe, Age:, 67, National code:, 6958328863, Address:, 02898 Zieme Grove- Suite 912- 32975- South Roma- California- United States
68, Boniface Flather, Age:, 73, National code:, 7310699640, Address:, 36854 Langosh Trail- Suite 953- 64496- Jacobsonview- Nebraska- United States
69, Ayn Dory, Age:, 26, National code:, 3510356315, Address:, 599 Sauer Plaza- Apt. 607- 95686-6875- Port Aureliaburgh- South Dakota- United States
70, Ayn Castenda, Age:, 12, National code:, 5025517181, Address:, 313 Izaiah Cove- Apt. 386- 57637- Naderborough- Vermont- United States
71, Theodosia Noton, Age:, 9, National code:, 2761109122, Address:, 4358 Emard Plaza- Suite 800- 94441-8589- Lafayetteburgh- New Hampshire- United States
72, Fawn Swarbrick, Age:, 56, National code:, 4780019202, Address:, 05713 Aliza Plaza- Apt. 191- 43437-0652- Steuberville- Arkansas- United States
73, Penn Enevoldsen, Age:, 12, National code:, 3601112831, Address:, 08777 Waters Points- Suite 474- 46672-6840- Smithamhaven- Connecticut- United States
74, Maximilianus Windrus, Age:, 25, National code:, 8386000304, Address:, 25807 Wilderman River- Suite 061- 00629- East Celia- Texas- United States
75, Katha Swarbrick, Age:, 46, National code:, 2016940473, Address:, 32216 Cummerata Fork- Suite 602- 99328- West Agustina- Arizona- United States
76, Biddie Solesbury, Age:, 74, National code:, 1144436453, Address:, 4983 Ron Shoals- Apt. 155- 43274- New Rebekahmouth- North Dakota- United States
77, Corny Jozef, Age:, 19, National code:, 2626311491, Address:, 42761 Gregoria Light- Suite 286- 72168- Tiaratown- Oregon- United States
78, Christabella Godin, Age:, 23, National code:, 8995323074, Address:, 668 Kaycee Lake- Apt. 017- 48139- Everettland- Oklahoma- United States
79, Jaye Waller-Bridge, Age:, 61, National code:, 7056992409, Address:, 790 Terry Rapid- Suite 343- 77327- Spencerport- Rhode Island- United States
80, Biddie Jacob, Age:, 69, National code:, 8538279279, Address:, 06422 Dare Walks- Suite 429- 98996- Malvinaport- Nevada- United States
