1, Maximilianus Okill, Age:, 15, National code:, 1909350508, Address:, 56765 Ozella Estates- Suite 352- 66192-6447- Adrieltown- Illinois- United States
24, Ayn Joannic, Age:, 62, National code:, 6986211974, Address:, 198 Kariane Ramp- Suite 241- 91995- Hintztown- Illinois- United States
60, Wade Yegorkov, Age:, 19, National code:, 1336261077, Address:, 58850 Williamson Highway- Apt. 774- 98944- Devonteville- Illinois- United States
298, Miles Enevoldsen, Age:, 67, National code:, 2082175718, Address:, 51585 Tobin Plaza- Suite 688- 19017- Jarrellport- Illinois- United States
355, Mandy Alleyn, Age:, 36, National code:, 5871217958, Address:, 09490 Christina Squares- Apt. 452- 15596- West Rashawnfurt- Illinois- United States
420, Harriette Kubicek, Age:, 37, National code:, 3930902226, Address:, 6515 Grant Ville- Apt. 632- 91800-0897- Blandaville- Illinois- United States
548, Lura Fairrie, Age:, 39, National code:, 6153747035, Address:, 294 Swaniawski Center- Suite 882- 89813- West Carsonbury- Illinois- United States
557, Christabella Blencoe, Age:, 29, National code:, 4297781972, Address:, 30434 Estell Green- Suite 642- 44128-1476- Clareshire- Illinois- United States
576, Way Sherr, Age:, 74, National code:, 3314201424, Address:, 990 Karolann Street- Suite 835- 54324- Kriston- Illinois- United States
638, Bertram Richel, Age:, 9, National code:, 6723641181, Address:, 5930 Sporer Expressway- Suite 673- 29186- Jovanfort- Illinois- United States
661, Sully Bannester, Age:, 63, National code:, 9221000816, Address:, 0146 Maurice Ramp- Suite 322- 91284- Lake Vilma- Illinois- United States
733, Remy Kopfer, Age:, 61, National code:, 9257242027, Address:, 7059 Baumbach Village- Suite 596- 14428- Edmondside- Illinois- United States
773, Penn Swarbrick, Age:, 63, National code:, 4040520208, Address:, 32612 Romaguera Ville- Suite 629- 93439- East Mireya- Illinois- United States
780, Penn Hallward, Age:, 61, National code:, 2427392129, Address:, 687 Bo Garden- Suite 719- 36133- Lake Lurahaven- Illinois- United States
793, Tully Kopfer, Age:, 15, National code:, 4301932669, Address:, 04844 Hayden Loaf- Apt. 732- 16126-8073- Murazikborough- Illinois- United States
819, Wolfy Fincher, Age:, 48, National code:, 2203163887, Address:, 807 Bruen Place- Suite 900- 19062-2422- Lake Elvisbury- Illinois- United States
825, Merrili Solesbury, Age:, 8, National code:, 9975705937, Address:, 39040 Grant Rapids- Apt. 081- 31342-3295- Lake Marianna- Illinois- United States
829, Sully Jacob, Age:, 36, National code:, 8435994092, Address:, 133 Vergie Forges- Apt. 467- 98110-5317- Hegmanntown- Illinois- United States
837, Rourke Castenda, Age:, 31, National code:, 4886282910, Address:, 9411 Holly Summit- Suite 024- 13595-4743- North Amaliamouth- Illinois- United States
902, Glad Solesbury, Age:, 7, National code:, 5083291589, Address:, 800 Wehner Corners- Suite 519- 81858-2036- Reingerport- Illinois- United States
910, Irita Boundley, Age:, 5, National code:, 7220896183, Address:, 76731 Tracy Stravenue- Suite 603- 88592- Lake Mariane- Illinois- United States
931, Jaye Swarbrick, Age:, 65, National code:, 6869457498, Address:, 920 Guy Walk- Apt. 106- 86774-4015- Mooreland- Illinois- United States
