6580432297, 3281 Haley Estate- Apt. 183- 05095-2565- Rickeyberg- Kentucky- United States
4176452750, 634 Jennifer Wells- Apt. 927- 39192-2897- Port Marlonmouth- Wisconsin- United States
8658827905, 250 Boyle Hills- Apt. 035- 65739- Francobury- Colorado- United States
1857769940, 583 Adrienne Motorway- Suite 474- 68545- Carlosside- Missouri- United States
2861279365, 69626 Randall Centers- Suite 189- 44315- Josiannefurt- Oklahoma- United States
2994482671, 1754 Marvin Circle- Suite 895- 81889- New Maida- South Carolina- United States
2880472461, 02614 Mack Branch- Apt. 010- 16800- Christiansenville- Florida- United States
5783852533, 42633 Bernadette Stream- Suite 698- 54888-4418- Buckridgechester- Pennsylvania- United States
5198773868, 8917 Nelson Mission- Suite 562- 11296-8757- North Bella- Alaska- United States
8583474772, 2777 Lemke Meadows- Apt. 683- 68695- Lake Rileyton- Delaware- United States
8202375035, 342 Ferry Ways- Apt. 140- 60881- Georgiannafurt- Iowa- United States
6710862946, 3339 McClure Corner- Suite 805- 13844-5699- Jayhaven- Maryland- United States
1823215998, 919 Wiegand Throughway- Apt. 773- 03045- Hilpertberg- New Hampshire- United States
5075217879, 37405 Huel Centers- Suite 492- 32704-4372- Lake Namestad- Oregon- United States
6986211974, 198 Kariane Ramp- Suite 241- 91995- Hintztown- Illinois- United States
5227386179, 95334 Cassin Gateway- Apt. 487- 70379-7891- Dasiahaven- West Virginia- United States
8611452609, 88508 Trenton Spurs- Suite 512- 89037- Port Armando- Georgia- United States
3309961116, 3712 Becker Passage- Apt. 130- 26877- Roweport- North Dakota- United States
6012524333, 3517 Aisha Union- Apt. 981- 69052- Port Annabeltown- Ohio- United States
4253425311, 17323 Myrtie Unions- Suite 691- 17103-6059- West Oda- Mississippi- United States
1928203455, 20745 Marquardt Way- Apt. 750- 55173- East Travis- New Hampshire- United States
7344921446, 55644 Stanton Greens- Apt. 341- 24081-6475- Handburgh- Georgia- United States
4779820800, 740 Lauriane Ways- Apt. 899- 20992- Ferryfurt- Texas- United States
2908111215, 4061 Landen Squares- Suite 849- 61036-8172- East Agustinaside- Montana- United States
5437651302, 732 Emerald Roads- Suite 399- 47290-2697- Sarinabury- Washington- United States
5928427729, 139 Deontae Rest- Apt. 465- 50154- Steuberchester- Maryland- United States
3715279426, 98168 Stehr Union- Suite 496- 07380- Windlerside- Minnesota- United States
4535908428, 3918 Mack Corner- Apt. 988- 21380-0645- Lake Sheldonborough- New Jersey- United States
9418889540, 553 Armani Rapids- Apt. 859- 97501-4131- New Golda- Tennessee- United States
7469598236, 1976 Bergstrom Plain- Apt. 869- 04881- Bayerland- Colorado- United States
5851057759, 17908 Kihn Port- Apt. 201- 77465- East Addie- Montana- United States
1984120054, 6529 Kunze Junctions- Suite 430- 69991- Arneview- Missouri- United States
7595001669, 7966 Orlando Fields- Suite 339- 24584- Bartellbury- West Virginia- United States
7647282845, 396 Emmy Shores- Apt. 156- 09287- Port Gladyce- Arizona- United States
8881583501, 593 Walsh Extension- Suite 888- 66764-0664- East Kris- Montana- United States
9542895304, 73532 Considine Groves- Apt. 860- 91510-9437- South Tom- New Jersey- United States
3418512768, 702 Smitham Square- Apt. 333- 46741-9203- Port Yessenia- Hawaii- United States
8455692160, 639 Burley Summit- Suite 615- 86546- Idellport- Indiana- United States
6237820199, 9667 Jaquelin Ford- Suite 846- 78487- South Martinemouth- California- United States
9508918347, 66638 Faustino Circles- Suite 063- 86947- New Xavier- Washington- United States
4912570467, 40078 Bartoletti Springs- Suite 054- 81556-4584- McKenzietown- Michigan- United States
4925310608, 1329 Graham Glen- Suite 308- 75595- Jonesbury- New Jersey- United States
8380446830, 4054 Pete Parkway- Apt. 422- 94058-8596- Naomieview- Michigan- United States
5214956684, 323 Stehr Walk- Apt. 133- 96868-2209- South Cullenport- Michigan- United States
7054437358, 2329 Frami Alley- Apt. 764- 29133- South Veda- Montana- United States
6958328863, 02898 Zieme Grove- Suite 912- 32975- South Roma- California- United States
7310699640, 36854 Langosh Trail- Suite 953- 64496- Jacobsonview- Nebraska- United States
3510356315, 599 Sauer Plaza- Apt. 607- 95686-6875- Port Aureliaburgh- South Dakota- United States
4780019202, 05713 Aliza Plaza- Apt. 191- 43437-0652- Steuberville- Arkansas- United States
2016940473, 32216 Cummerata Fork- Suite 602- 99328- West Agustina- Arizona- United States
1144436453, 4983 Ron Shoals- Apt. 155- 43274- New Rebekahmouth- North Dakota- United States
7056992409, 790 Terry Rapid- Suite 343- 77327- Spencerport- Rhode Island- United States
8538279279, 06422 Dare Walks- Suite 429- 98996- Malvinaport- Nevada- United States
9125714675, 622 Damon Valleys- Apt. 528- 11153-7194- Eudoraland- Florida- United States
8385123195, 38689 Spencer Hills- Apt. 997- 58911-6813- East Laisha- South Dakota- United States
3706236297, 8756 Aufderhar Pike- Suite 691- 78473-8530- North Felipestad- South Carolina- United States
3974110261, 10328 Schoen Square- Apt. 299- 45258-6740- Feilport- Georgia- United States
3981798571, 5165 Bayer Ports- Apt. 712- 28820- Floport- Idaho- United States
5838432439, 9944 Erling Flat- Apt. 733- 72064- North Monroetown- Alaska- United States
9830417880, 4998 Zieme River- Apt. 764- 96898- Friedaville- Vermont- United States
4621482703, 8151 Wisozk Forges- Apt. 901- 58807-0444- Port Aryannaton- Utah- United States
3657767852, 701 Grady Trace- Apt. 720- 65012-2638- Casperville- South Carolina- United States
6487541709, 25763 Grant Field- Suite 401- 91277- North Broderick- Wisconsin- United States
7512128111, 71834 Zemlak Crescent- Suite 784- 67920-4580- McDermottville- Maine- United States
1527806329, 7761 Mitchell Key- Apt. 764- 51257- Joaniestad- Utah- United States
4730410264, 638 Waters Points- Apt. 210- 46505- East Trevaside- Massachusetts- United States
4079820534, 569 Dominique Bypass- Apt. 265- 30133- New Ellenhaven- Indiana- United States
3264129935, 7266 Ondricka Well- Suite 695- 25629- Lake Kieran- Rhode Island- United States
8490176544, 67526 Wilderman Mews- Suite 249- 13476- Alexandrehaven- Ohio- United States
5378764302, 526 Neha Wall- Suite 919- 24461- Leannestad- Kentucky- United States
8772907430, 62469 Kub Courts- Apt. 491- 16849-7373- New Devyn- New York- United States
8645091529, 9820 Sonya Hill- Suite 536- 89404-9571- West Tanyaport- Indiana- United States
4039641225, 09579 Schroeder Locks- Apt. 835- 79358-1482- West Brendaland- Montana- United States
6596342981, 89756 Keyon Inlet- Suite 597- 80463-0290- West Hipolitoborough- Louisiana- United States
8538770563, 377 Garrick Road- Suite 110- 16188- Loweberg- Alaska- United States
5034970195, 39236 Nikolaus Crossroad- Apt. 932- 24711- East Devonte- Texas- United States
6124701905, 81948 Nicolette Shoal- Suite 866- 17652- Lake Timmothyhaven- Alaska- United States
9936984265, 4301 Bayer Extensions- Suite 834- 35388-2158- North Breannaburgh- New Jersey- United States
6962417327, 40449 Johnston Burgs- Apt. 475- 69099-4362- Okunevastad- Connecticut- United States
9060860501, 3954 Mortimer Glen- Apt. 716- 55787- Ernieside- North Dakota- United States
3242407214, 2019 Howell Harbor- Apt. 054- 18265-0356- Wisozkhaven- New Mexico- United States
2710453222, 84477 Considine Centers- Apt. 508- 30244-0415- Mertiemouth- Minnesota- United States
1338059805, 7979 Rippin Walk- Suite 963- 87686- Lake Michaelaville- Utah- United States
5696422692, 119 Wuckert Drive- Suite 508- 67519- New Olafmouth- Texas- United States
1436476502, 93152 Hiram Locks- Apt. 151- 53186- Kubview- South Dakota- United States
3942022093, 93639 Trystan Mountain- Apt. 195- 62545-5153- North Marjoriemouth- Florida- United States
9641544753, 183 Johnathon Lock- Suite 480- 19566- Heidenreichport- Washington- United States
4549993683, 299 Heller Ways- Suite 723- 11658-4268- Lake Ally- New Jersey- United States
6974235017, 46834 Altenwerth Parkway- Suite 096- 89025-0954- Port Peggiechester- Georgia- United States
6524838719, 0648 Denis Throughway- Suite 088- 33390- Lake Emily- New Hampshire- United States
5644382164, 98094 Brown Plaza- Suite 836- 26968- East Trystanland- Utah- United States
3193807559, 00897 Ali Trail- Suite 996- 16130- Brooklynfurt- Connecticut- United States
1729847547, 2241 Delfina Bridge- Apt. 674- 77923- East Forestmouth- New Mexico- United States
4369734639, 0452 Don Bypass- Suite 021- 90569-2421- Beiermouth- Maryland- United States
6410169935, 366 Syble Underpass- Suite 361- 84548-0364- New Gregory- Connecticut- United States
9295864284, 3511 Nolan Ports- Apt. 951- 24392- New Delaney- Kansas- United States
9051940384, 2666 Estell Station- Apt. 230- 73273- East Elinorview- Colorado- United States
9206584124, 200 Dariana Prairie- Apt. 653- 32689-2704- South Kevinfurt- Pennsylvania- United States
3428354412, 8253 Witting Streets- Suite 538- 27996-2731- Gladyceshire- Iowa- United States
6451362707, 18527 Donnelly Mount- Apt. 744- 17171-6441- Port Vivastad- Tennessee- United States
4037272938, 2865 Auer Rue- Apt. 172- 24803- South Marleneton- South Dakota- United States
3910802485, 177 Brock Mews- Apt. 955- 51073- New Paul- North Dakota- United States
4768404215, 772 Kristoffer Corners- Apt. 258- 58241- Okunevaville- Colorado- United States
9372920602, 1663 Schmeler Islands- Suite 256- 08283- New Melyssaview- Nebraska- United States
2427844718, 4804 Nicolas Inlet- Apt. 712- 62728- Port Danika- Alabama- United States
5579619176, 3091 McGlynn Squares- Apt. 131- 20389-8459- Pfefferport- Ohio- United States
1837428285, 9075 Hoppe Glen- Apt. 750- 22758-6099- South Friedrichburgh- Pennsylvania- United States
8127699177, 32921 Dexter Harbor- Suite 646- 41337- Rodriguezmouth- Georgia- United States
7436038041, 814 Kiehn Walks- Suite 992- 27010-4128- West Raphael- Texas- United States
4843322958, 080 Diana Walk- Suite 956- 73112- North Laron- New Mexico- United States
3608292358, 398 Corbin Estate- Suite 460- 86860-8813- Marshallburgh- Kentucky- United States
1005918014, 45043 Cremin Isle- Apt. 483- 45776- West Jaiden- Idaho- United States
3207432063, 4519 Shanel Dale- Apt. 850- 27318-5732- South Dariusshire- Vermont- United States
4948038940, 0586 Waelchi Prairie- Apt. 592- 65676-7311- Charityborough- California- United States
5922951004, 43998 Witting Crest- Apt. 587- 62473- Buckridgechester- Alaska- United States
3563416479, 027 Williamson Vista- Suite 612- 99322-6110- Malloryborough- North Carolina- United States
5289080190, 19217 Thurman Ways- Apt. 329- 57825- South Casimirport- Maine- United States
9852549815, 621 Jeff Shoals- Apt. 481- 09923-8772- Williamsonview- Maryland- United States
4936100662, 68837 Jerde Curve- Apt. 178- 71305-9960- Tiffanymouth- Arkansas- United States
6205602005, 586 Makenzie Trail- Apt. 941- 83918- North Noemyport- Pennsylvania- United States
3871967110, 412 Paucek Cape- Suite 527- 78402- Port Verdaton- Utah- United States
2517453706, 75708 Braun Bridge- Suite 899- 84308-2397- Lake Bulah- Tennessee- United States
7398014538, 1643 Reid Key- Apt. 081- 40046-7574- Jacobiland- Arkansas- United States
1029597000, 3532 Ward Well- Suite 870- 70759-5061- Lake Pattie- Pennsylvania- United States
8109173244, 9042 Barrows Track- Suite 291- 55894-3304- Marleehaven- Delaware- United States
9643331679, 104 O'Keefe Plains- Suite 322- 51650-9330- New Katelynnland- Oregon- United States
5105573724, 57439 Arlie Harbor- Suite 722- 88139-0676- West Angelina- New York- United States
4516033903, 822 Ottilie Oval- Suite 622- 50552-1023- North Brainview- Oregon- United States
5257080983, 4300 Jacobs Tunnel- Apt. 302- 28035- Ellenburgh- Florida- United States
8024992842, 970 Swift Cape- Suite 676- 96416-0799- Cartwrightshire- New Mexico- United States
9039341959, 162 Kulas Pines- Suite 452- 65482- South Thorahaven- South Dakota- United States
4016917727, 8485 Rosario Mountain- Suite 484- 76491- East Martinhaven- Michigan- United States
3543969927, 730 Devon Avenue- Suite 482- 09029-7237- Kamilleburgh- South Dakota- United States
9877837749, 897 Franz Junctions- Apt. 878- 11379- Lake Camille- Texas- United States
9727291411, 8492 Dylan Ranch- Suite 531- 22789- Creminmouth- Nevada- United States
3399848135, 0130 Schumm Cliffs- Suite 727- 40495- Kuhlmanfurt- Oklahoma- United States
5002866578, 88452 Littel Lock- Suite 462- 42103-8609- Mayerstad- New Jersey- United States
6399536114, 6327 Lauren Glen- Apt. 814- 52061- Camillafurt- Missouri- United States
1866333280, 124 Jaunita Loaf- Apt. 643- 06478-6036- Rileymouth- New Mexico- United States
3356153075, 804 Tiana Shoals- Apt. 598- 52197- Hesterton- Oklahoma- United States
1017886143, 680 Duncan Valleys- Suite 793- 70265- Whiteburgh- Connecticut- United States
8007161364, 7407 Iliana Parkway- Suite 115- 76086- West Abelardofurt- Montana- United States
4894487303, 3080 Becker Green- Suite 135- 90670-6614- Jacobsberg- West Virginia- United States
3009569165, 53841 Janessa Flats- Suite 732- 44029- Marlenfurt- Colorado- United States
1085406817, 455 Feeney Springs- Apt. 381- 72793-2385- Friedrichborough- Utah- United States
3619646286, 9842 Schuppe Walk- Apt. 985- 66475- East Watsonville- North Carolina- United States
1924676878, 26528 Jane Vista- Apt. 545- 06163- O'Reillyton- Connecticut- United States
5697984493, 75879 Douglas Throughway- Suite 652- 72284- Christellehaven- Texas- United States
5462724681, 7567 Olga Fields- Apt. 020- 38500- Blickchester- Alaska- United States
5443516652, 537 Kurt Junction- Suite 428- 45604-4168- Haucktown- Vermont- United States
3376494049, 30691 Celia Viaduct- Apt. 457- 88789- Grahamview- Tennessee- United States
9311016211, 7565 Konopelski Causeway- Suite 042- 02681-7134- Port Lucienne- Arkansas- United States
5825099824, 2220 Rodger Place- Apt. 327- 41888- Port Greta- Oklahoma- United States
5759121678, 433 Larkin Drive- Suite 486- 62770- North Lukasshire- Georgia- United States
7278070874, 00389 Daniel Via- Suite 953- 20984- Obieport- Ohio- United States
4295629507, 9160 Connor Street- Apt. 469- 21938-7055- North Alphonsoside- Mississippi- United States
3937292720, 028 Jaron Overpass- Apt. 374- 08957-0085- North Geraldine- South Carolina- United States
5052933052, 15073 Lulu Flat- Apt. 812- 15230- Lake Christelle- Wyoming- United States
8662994010, 70951 Herzog Mill- Apt. 253- 72923-3068- North Shanel- New Hampshire- United States
3429713347, 18540 Lynch Path- Suite 231- 79211-3947- Tyreekfurt- Georgia- United States
1774221015, 205 Garrison Loaf- Suite 158- 52213- Janetchester- Indiana- United States
3721560462, 260 McKenzie Turnpike- Suite 832- 49266- South Jordanetown- Alaska- United States
9637937981, 60266 West Parks- Suite 776- 20715-6404- Port Alvertaville- North Carolina- United States
2855583955, 2500 Rath Extensions- Suite 122- 29761- Hettingerside- Delaware- United States
3485169642, 50219 Carter Knolls- Suite 588- 17892- Ewaldhaven- New York- United States
7522074775, 89877 Colt Plains- Apt. 692- 63102-8022- New Titusland- Georgia- United States
4751577986, 6934 Schmeler Bypass- Suite 165- 82388-0509- West Ariannaborough- Utah- United States
1178649825, 3077 Cara Inlet- Apt. 224- 44683- North Garfield- Alaska- United States
3811822728, 33649 Littel Falls- Apt. 258- 86492- Port Sanford- Arkansas- United States
2346362202, 875 Abshire Burg- Suite 037- 93792-1948- New Amanistad- New Jersey- United States
1276200803, 3439 Simonis Brooks- Suite 746- 15022- Lake Keira- Missouri- United States
8514709554, 567 Murphy Ford- Apt. 039- 03566- Port Rickshire- Vermont- United States
9419280192, 147 Thad Forks- Apt. 017- 30648- Ulicesshire- Oklahoma- United States
5834874043, 18363 Lehner Motorway- Apt. 788- 19109- East Cheyanne- Iowa- United States
4561506689, 79152 Kautzer Landing- Suite 040- 51875-8349- East Elmomouth- Arkansas- United States
6393436706, 29480 Meggie Springs- Apt. 690- 55226-8777- Port Juniorbury- Pennsylvania- United States
7510738260, 1579 Alivia Neck- Suite 184- 00679-1612- South Neldaside- Utah- United States
6471762292, 509 Schneider Ford- Suite 192- 46037- Lakinhaven- Missouri- United States
9793375840, 402 Finn Cove- Apt. 434- 87984-1316- Fishershire- Connecticut- United States
9128437288, 0201 Wilkinson Tunnel- Suite 507- 08713- Nathanview- Ohio- United States
7300891863, 196 Lamar Squares- Suite 942- 78221-9095- Rosamondshire- Colorado- United States
5183263335, 730 Schultz Plains- Apt. 558- 19355-8624- Hellershire- Maryland- United States
6480613143, 76653 Kasey Plaza- Suite 162- 92631- North Modesta- Hawaii- United States
3387901981, 2211 Braun Ridges- Apt. 266- 25059-1587- West Zackary- Oklahoma- United States
2566936234, 918 Magdalena Union- Apt. 649- 79472-6560- New Bernadette- Oklahoma- United States
4107083112, 381 Renner Highway- Apt. 787- 23026- Corkeryside- Iowa- United States
1573881418, 2103 Rutherford Island- Apt. 939- 17323-6427- North Germaineville- Indiana- United States
3445222744, 899 Evie Stravenue- Apt. 574- 56203-3696- East Lesterhaven- Connecticut- United States
6378811383, 0674 Litzy Ridges- Suite 403- 50041- Kossstad- Alabama- United States
9563301731, 498 Gottlieb Neck- Apt. 324- 38137- Izabellaburgh- Iowa- United States
5771097381, 315 Cummerata Lights- Apt. 912- 75512- East Avistown- Washington- United States
5163725550, 564 Alison Parkway- Apt. 499- 67176-5915- Faheyborough- Iowa- United States
9789253869, 99717 Stiedemann Fort- Apt. 305- 27537- Reynoldston- Oklahoma- United States
8606701065, 22854 Dan Hills- Suite 401- 30262-3302- Harryside- Wyoming- United States
7354469696, 1667 Schmidt Center- Suite 529- 77341- Port Jacquesland- Virginia- United States
8690818333, 3393 Domenica Mill- Suite 189- 07058- Koelpinbury- Montana- United States
6938984012, 62918 Reynolds Forges- Apt. 643- 91221-5829- East Stephan- Nevada- United States
8553048277, 971 Rath Shoal- Suite 055- 28908- South Dock- Minnesota- United States
2223245827, 994 Gunner Ville- Apt. 072- 02035-6520- West Hailey- Minnesota- United States
3332514997, 2576 Geoffrey Overpass- Suite 148- 53809-6932- Port Amirview- New Mexico- United States
2275937819, 9591 Karlee Forges- Suite 901- 51710-9799- South Beth- Idaho- United States
5484820325, 52693 Anahi Plain- Apt. 449- 44219-0296- Blandabury- Oklahoma- United States
1069388604, 01341 Mueller Ways- Apt. 532- 15119-9025- Murphytown- Kansas- United States
3822135529, 053 Botsford Summit- Apt. 336- 03622- Lelandtown- New Mexico- United States
1871214091, 4377 Wilkinson Haven- Apt. 358- 62369-5140- Lake Clarabelle- Idaho- United States
2985189998, 828 Tyrel Shoal- Apt. 190- 18360- Astridport- Utah- United States
9635519328, 476 West Street- Apt. 530- 09443- Port Joycefort- New York- United States
2547402717, 98240 Robel Extensions- Suite 281- 66530- Kassulketown- New Jersey- United States
9528567544, 012 Kendall Harbors- Suite 999- 35067- West Estebanburgh- California- United States
6639477431, 44461 White Glen- Suite 228- 08292- Brielleshire- Delaware- United States
3895888577, 54717 Anderson Viaduct- Suite 998- 15545- Krajcikhaven- California- United States
8534879269, 41675 Clemens Heights- Suite 418- 22140-9376- Kundefort- Connecticut- United States
5654515403, 37601 Goldner Pike- Suite 314- 05451- Lake Katelinfort- South Carolina- United States
4920230263, 650 Toy Junctions- Apt. 033- 36936- Ernestohaven- Arizona- United States
2082175718, 51585 Tobin Plaza- Suite 688- 19017- Jarrellport- Illinois- United States
1173707668, 33512 Rosario Isle- Apt. 989- 33710- Krajcikton- Kentucky- United States
4029063769, 802 Kris Street- Suite 308- 04732-2949- Mooremouth- Arkansas- United States
1281242106, 6167 Ezequiel Knoll- Apt. 763- 79522- East Rosina- Hawaii- United States
9700624866, 64708 Graham Passage- Apt. 610- 47290- Nakiamouth- Connecticut- United States
2641447632, 122 Anais Rue- Apt. 641- 70931- Port Georgetteside- Tennessee- United States
3696385886, 577 Goodwin Pine- Suite 075- 37776- Toyport- Montana- United States
6045135817, 4802 Fritsch Points- Apt. 440- 35053- Lake Cristina- Mississippi- United States
4137068024, 21592 Herman Green- Apt. 819- 18831-8370- East Joany- Massachusetts- United States
5114945376, 253 Lockman Flat- Suite 207- 13819-6987- Lake Waylonmouth- New Hampshire- United States
9765007950, 400 Altenwerth Centers- Apt. 870- 32635-7170- East Emiliastad- Tennessee- United States
2606124693, 998 Waino Islands- Suite 358- 16399- South Dahliaton- Montana- United States
5860676901, 5435 Jordy Gateway- Apt. 854- 56224-6868- Josianneside- New York- United States
6634581401, 26942 Champlin Way- Suite 061- 32027- West Susan- Texas- United States
1439707941, 653 Hettinger Estates- Suite 782- 77190-7081- North Amir- Michigan- United States
7009191083, 69816 Witting Rest- Suite 531- 11930- North Tina- Idaho- United States
3170550979, 1656 Roberto Rest- Suite 610- 79411- Port Raphael- Oregon- United States
4894510855, 0346 Beahan Way- Suite 960- 82856- North Maximillian- Nebraska- United States
4136961465, 257 Tremblay Hill- Apt. 588- 74891- Giuseppeville- Tennessee- United States
4770571544, 9381 Toni Manors- Apt. 515- 50088- Nicolasfurt- Alabama- United States
6195699507, 34638 Destiney Burgs- Apt. 350- 34576- New Tryciaberg- New Mexico- United States
8319467822, 07040 Tyrique Plain- Suite 375- 57871- Cronaside- Delaware- United States
8919534010, 99241 Green Rapid- Apt. 282- 54290-6594- West Unique- Rhode Island- United States
2272589289, 14151 Lakin Terrace- Apt. 214- 29218- West Mireya- Vermont- United States
2366565398, 3760 Schumm Forks- Apt. 054- 18738- Vilmaton- Wisconsin- United States
3838575358, 30730 Cassandre Spurs- Suite 405- 59160-7190- Halvorsonfort- Arizona- United States
2305133962, 3018 West Branch- Apt. 028- 60316- Koelpinport- Louisiana- United States
7059487629, 6031 Stanton Burg- Apt. 446- 61578-4677- West Kaleb- Iowa- United States
7541958306, 46801 Mueller Lock- Apt. 138- 32036-2579- Lake Conner- Alabama- United States
5558013787, 0189 Raynor Islands- Suite 998- 46782-0258- Terrillbury- Texas- United States
9798924409, 760 Altenwerth Park- Apt. 239- 62995-0675- West Rickie- Alaska- United States
2488342344, 48175 Edwina Divide- Apt. 194- 83154-2781- Lynchmouth- South Carolina- United States
2590653066, 58497 Alta Brook- Suite 688- 39089-0774- Friesenport- South Dakota- United States
5960272256, 5024 Lyric Valley- Suite 290- 99877-7115- Roobburgh- North Carolina- United States
3129979926, 988 Ally Mall- Suite 366- 43040-1121- Matildatown- Delaware- United States
7008360617, 72754 Josianne Orchard- Apt. 461- 02459-7271- Cummerataberg- North Dakota- United States
3009998780, 36726 Streich Walks- Apt. 018- 43044- West Rebeka- Connecticut- United States
2908024907, 844 Jevon Port- Apt. 378- 68301- Alanshire- North Carolina- United States
4355933152, 344 Julian Overpass- Apt. 962- 99149- East Rickie- North Carolina- United States
7880681902, 00347 Giovanni Manor- Suite 274- 62799-8249- Citlalliview- Georgia- United States
1641261627, 9582 Windler Mews- Apt. 131- 25995-0427- East Freda- Wisconsin- United States
5193107093, 85775 Rahsaan Creek- Suite 066- 77536-5695- North Camilleland- North Dakota- United States
8139902353, 6728 Moore Dam- Apt. 773- 39509-8029- Emmittfurt- Maine- United States
5871217958, 09490 Christina Squares- Apt. 452- 15596- West Rashawnfurt- Illinois- United States
8884497961, 7828 McKenzie Forge- Apt. 218- 56296-5024- Alaynamouth- New Jersey- United States
3588254518, 8116 Pfeffer Extensions- Apt. 909- 92777-6086- Schuppetown- Nebraska- United States
5772996294, 1116 Haag Lodge- Suite 928- 29583- North Nicolette- West Virginia- United States
4395186077, 803 Wilma Manors- Suite 221- 93652- Welchhaven- Hawaii- United States
6394188686, 2275 Elody Meadows- Suite 012- 93885-7254- Carlottahaven- Nevada- United States
5982838142, 65970 Saul Meadow- Suite 062- 42834-8586- Kuhicmouth- Massachusetts- United States
8494130625, 892 Sidney Row- Apt. 954- 06283-5014- Howellshire- New Jersey- United States
3129635005, 39727 Elouise Street- Suite 255- 99385-3613- Denesiktown- Wyoming- United States
4924277623, 797 Alda Knolls- Suite 589- 50787- Parisianshire- South Dakota- United States
4344784535, 610 Quentin Turnpike- Suite 271- 81735-8841- Beryltown- Arkansas- United States
3781559142, 37932 Jast Greens- Apt. 267- 33047-6079- West Daphne- Texas- United States
4242656810, 3276 Kristian Parkway- Apt. 459- 85566-5530- South Alfred- New Jersey- United States
1299831674, 77816 Steuber Squares- Apt. 760- 06623- East Arne- Utah- United States
5035967392, 1639 Rohan Causeway- Suite 772- 92246-7165- Port Aliviaborough- South Dakota- United States
8758598505, 91727 Kerluke Prairie- Apt. 599- 41770-1847- West Joannyborough- Tennessee- United States
6010174235, 189 Joanny Rapid- Suite 445- 64686-2214- Bodeshire- Montana- United States
1187440060, 09815 Marilou Stravenue- Apt. 519- 67843-4678- Schillermouth- Wyoming- United States
7252070991, 62428 Jacobs Unions- Suite 227- 99673- South Andersonfurt- Oklahoma- United States
9454032064, 4880 Malcolm Island- Suite 909- 21603- Jacquelynland- Oklahoma- United States
4869892041, 901 Nienow Locks- Apt. 681- 95499- East Dion- Mississippi- United States
6192580974, 639 Etha Spring- Suite 177- 08635-2642- Deliaport- South Dakota- United States
4181812349, 407 Senger Groves- Apt. 042- 10255- East Novella- Vermont- United States
8044082780, 498 Stanton Spring- Suite 614- 61726-5395- Lake Carmelofort- New York- United States
5651155185, 2278 Reinger Mills- Suite 184- 61490- Leopoldoland- Nebraska- United States
5543330709, 25673 Demetrius Rue- Apt. 533- 41357- Toneyview- Kansas- United States
4735024064, 084 Pietro Mission- Suite 261- 24560-0603- Hobartport- Louisiana- United States
1540520586, 59805 Lemke Vista- Apt. 103- 30253-6120- Harveyberg- Tennessee- United States
8072472219, 0573 Jacobson Court- Suite 042- 76033- Abigailborough- North Dakota- United States
8117499136, 498 Reymundo Skyway- Apt. 440- 16752-1760- Mooretown- Tennessee- United States
1491060681, 07239 Ledner Junction- Apt. 291- 90088-8358- West Kariane- Delaware- United States
7283530393, 3000 Jovan Squares- Suite 526- 42524-1812- Port Abelardo- Iowa- United States
4169860753, 229 Kemmer Ville- Apt. 333- 10757-1399- Soledadview- Montana- United States
8023289456, 70799 Hassan Plains- Apt. 717- 17021- South Johnnyborough- North Dakota- United States
1484790620, 7208 Jayden Fall- Suite 238- 36871-3906- New Rodrigo- Rhode Island- United States
5971384157, 162 Gleason Brook- Suite 509- 72036-3457- Beahanborough- Kentucky- United States
3215935004, 895 Gerlach Glens- Apt. 836- 46849- Lake Jenifershire- North Carolina- United States
2613877038, 2672 Sammy Inlet- Apt. 714- 55052- West Eli- Arkansas- United States
9879066573, 096 Lazaro Court- Suite 371- 97707-0515- Lake Jermeybury- Colorado- United States
3085264126, 18832 Araceli Junctions- Apt. 510- 26446-7455- Port Jose- North Dakota- United States
3178774010, 353 Abbott Centers- Suite 494- 72598-6714- East Emmanuelleport- Montana- United States
7483884670, 92936 Yazmin Ford- Suite 842- 33689- Weimannhaven- Tennessee- United States
3930902226, 6515 Grant Ville- Apt. 632- 91800-0897- Blandaville- Illinois- United States
2122244604, 2295 Koepp Lock- Apt. 382- 62539-1064- Collinsville- Arkansas- United States
4156882596, 270 Aliya Drive- Suite 620- 79294- Missourifurt- Virginia- United States
5866023895, 92918 Rogahn Trafficway- Suite 543- 57545-8789- Ninastad- Delaware- United States
5892871590, 08440 Immanuel Mission- Suite 687- 76342-8894- Deondreville- Alabama- United States
9740648646, 26389 Kelton Forks- Apt. 822- 44741-0918- Faheyview- Vermont- United States
4642369389, 432 Ethel Junctions- Suite 405- 02280- Port Uriahmouth- Rhode Island- United States
3852405540, 76389 Queen Garden- Apt. 492- 51379-6404- South Eldridgestad- Idaho- United States
4283343203, 350 Riley Unions- Apt. 943- 95978- East Chasity- Maine- United States
8448093492, 2555 Winona Crossroad- Suite 505- 18209-1462- South Adalbertoshire- West Virginia- United States
9028792888, 161 Ernser Run- Suite 233- 10771- Williamsonfurt- West Virginia- United States
6775928618, 211 Nathaniel Plaza- Apt. 892- 09812-7686- Hansenborough- Alaska- United States
7462215755, 091 Schimmel Loaf- Suite 506- 16433-8059- Stokesbury- Alaska- United States
1100450829, 122 Wiegand Valley- Suite 305- 43771- New Jazmynestad- Louisiana- United States
6058820454, 9233 Ernser Cove- Suite 829- 37868- Mooreberg- Nevada- United States
1057058283, 42493 Raynor Dale- Apt. 259- 99144-7772- Sanfordborough- Oregon- United States
6856774949, 3049 Wilford Walk- Apt. 881- 63221-8450- New Denisbury- New Jersey- United States
9102546067, 47546 Terrill Hills- Apt. 368- 08540- Turcottefurt- Ohio- United States
5523375989, 818 Donnelly Mountains- Apt. 468- 98399- Dallasfurt- South Dakota- United States
2569160394, 604 Stiedemann Plain- Apt. 919- 81776-5865- Larkinport- Oregon- United States
4510023604, 6467 Claud Village- Suite 500- 38019-6043- Bartolettiborough- Indiana- United States
5567149034, 8797 Huels Cove- Suite 144- 43775-7768- Javontestad- New York- United States
3206767980, 767 Estell Via- Suite 197- 42772- South Hazleburgh- Indiana- United States
8178600071, 02053 Maggio Cape- Apt. 578- 72513-4744- Loyalport- New Mexico- United States
8651122738, 56124 Dietrich Underpass- Apt. 631- 86190-4071- Andresmouth- Utah- United States
7495267426, 619 Kelly Ridges- Suite 938- 90244- Richardhaven- Vermont- United States
6217627792, 23837 Brice Isle- Apt. 782- 49900- Muellermouth- Washington- United States
3851096492, 38415 Lehner Orchard- Suite 035- 38111-1474- Princessfurt- New York- United States
7306379664, 6891 Syble Pine- Apt. 821- 42569- East Orenhaven- Massachusetts- United States
7888039909, 59736 Camylle Drive- Apt. 232- 75585- South Eldon- Minnesota- United States
2341646067, 81598 Lilla Flats- Apt. 196- 89870- North Ilashire- California- United States
4778945810, 40026 Abernathy Light- Suite 874- 52949- Adelleside- Florida- United States
7845002940, 0624 Weissnat Mall- Apt. 719- 64680-7110- New Kelliefort- Nebraska- United States
6274000166, 7403 Webster Highway- Apt. 768- 12726- South Daisy- Idaho- United States
9377085522, 67700 Loraine Drive- Suite 241- 76020-0401- Chelseamouth- Nebraska- United States
2174266474, 3279 Deborah Lights- Suite 017- 66201-4830- Brownburgh- Hawaii- United States
4169271687, 411 Cassin Port- Suite 559- 94670- South Guidoberg- Michigan- United States
6560517233, 71209 Ova Harbor- Suite 803- 65078-6829- Deckowton- Indiana- United States
7130799054, 71621 Candido Locks- Apt. 651- 21189-5217- West Afton- Iowa- United States
5899289049, 74229 Lemke Highway- Suite 518- 57006-2929- East Mollyland- Washington- United States
5211199989, 903 Esmeralda Overpass- Apt. 378- 91016-8729- Rosemaryfurt- Hawaii- United States
9255973974, 8617 Lorna Port- Suite 437- 17613-6570- Shanellefurt- Tennessee- United States
1212016419, 88264 Icie Vista- Suite 518- 48118- New Alexzanderbury- North Dakota- United States
9649401961, 9465 Kara Neck- Suite 874- 65933-2879- North Lindsay- Minnesota- United States
5552855451, 887 Rhoda Road- Suite 504- 93759- Prohaskaville- Delaware- United States
9312703962, 82402 Sporer Center- Apt. 033- 93889- Lydaborough- Florida- United States
5904703672, 950 Jerel Island- Apt. 251- 55919- Rickburgh- West Virginia- United States
7383746456, 75228 Johns Mill- Apt. 698- 70309-2969- Waldohaven- Oklahoma- United States
1142323668, 873 Granville Pass- Suite 660- 71766- East Malachimouth- Louisiana- United States
7604298448, 58380 Becker Points- Apt. 710- 61221-2406- McDermottborough- South Dakota- United States
7402079523, 605 Torp Light- Suite 353- 25812-0236- West Modesto- Minnesota- United States
3956946306, 6686 Brennan Valley- Suite 000- 53853- Lake Duncan- Nevada- United States
3799332794, 750 Maurice Trail- Apt. 249- 14783-6640- Lemkeborough- Maryland- United States
5809985208, 121 Jedidiah Gateway- Suite 178- 07371- New Katelin- Hawaii- United States
7469459786, 181 Swift Grove- Apt. 985- 29672- Brennanburgh- Washington- United States
8274030442, 446 Destinee Square- Apt. 933- 72706- Alfredoburgh- Oregon- United States
2711172646, 127 Gleichner Stream- Suite 412- 65986- Lake Kingbury- Washington- United States
5048883299, 1925 Kohler Drive- Apt. 266- 12191-1968- Port Johnpaul- Kansas- United States
9412963914, 96653 Breitenberg Extension- Suite 528- 91435-5412- Spinkamouth- South Dakota- United States
9843733754, 9231 Purdy Viaduct- Suite 388- 93903-2708- Padbergborough- Louisiana- United States
3757799174, 283 Ernser Gateway- Apt. 613- 78924- Kundetown- North Carolina- United States
7751337722, 653 Terence Loop- Suite 075- 32350-2485- Port Weldonbury- Washington- United States
6864000742, 6034 Metz Mountains- Apt. 899- 92031-2668- Lake Raymundo- Arkansas- United States
8929044973, 5114 Schaefer Centers- Suite 190- 54302- Malvinabury- California- United States
4143547343, 2486 Mills Brook- Suite 781- 85438- Titusland- New Mexico- United States
9923113719, 2746 Homenick Summit- Suite 882- 32831- Bergstromview- Maine- United States
8951476021, 3477 Alia Extensions- Suite 249- 50822- Harberview- Ohio- United States
7911163170, 05257 Rosa Motorway- Suite 276- 78558-0219- Ethatown- Maine- United States
4875197444, 0079 Lueilwitz Place- Suite 724- 45283- Lake Christiana- South Carolina- United States
9030591488, 404 Kim Pine- Suite 919- 49618-5764- Lake Diannabury- Louisiana- United States
5206566132, 936 Jaskolski Junctions- Suite 967- 31337-6135- South Prestonmouth- Connecticut- United States
4199468863, 778 Jewell Mews- Suite 884- 17523-2014- Port Giovanny- Iowa- United States
4248742266, 78378 Dameon Hills- Suite 554- 46659-9263- Botsfordport- Ohio- United States
3582936115, 394 Junius Brooks- Suite 111- 75500-0033- New Kayla- Michigan- United States
9177466206, 319 Roel Center- Suite 600- 60989- Ellieshire- North Dakota- United States
9428566681, 418 Jeffrey Springs- Apt. 526- 28655- Kieranfort- North Dakota- United States
4307891673, 543 Ritchie Forks- Suite 176- 92964-0566- Parisianland- Tennessee- United States
2695740151, 942 Little Knolls- Suite 022- 42620-0677- Johnsburgh- Washington- United States
3312046099, 182 Bernier Drive- Apt. 804- 53109- West Eraside- Montana- United States
7922033855, 422 Alessia Oval- Suite 969- 88267-1182- Patriciaborough- Texas- United States
3303309928, 789 Reyna Keys- Suite 832- 65077-1641- Schambergerland- Kansas- United States
5801497893, 037 Brannon Divide- Apt. 481- 76517-1555- Pfannerstillburgh- New Mexico- United States
2563837227, 87517 Benjamin Manor- Suite 767- 69695- South Friedrichtown- Georgia- United States
2832081273, 59226 Hamill Mountain- Suite 225- 98364- Altaburgh- Minnesota- United States
6594772149, 014 Parisian Street- Suite 562- 83376-8143- North Rae- Tennessee- United States
9386625645, 86665 Jast Ramp- Suite 159- 03370- Lindfort- New Jersey- United States
1462159853, 16692 Dayana Fork- Apt. 587- 01020-2661- Wunschfort- New Jersey- United States
1272497650, 837 Logan Parkways- Apt. 286- 53917- New Carleemouth- New Mexico- United States
3071427047, 892 Vandervort Meadows- Apt. 598- 38085- Considinefort- West Virginia- United States
8358325157, 5131 Laisha Union- Suite 393- 00141- North Rahsaan- California- United States
4816502034, 133 Kuvalis Shoal- Suite 175- 11837-0781- Connfurt- Maryland- United States
6153747035, 294 Swaniawski Center- Suite 882- 89813- West Carsonbury- Illinois- United States
8472634038, 3855 Bahringer Place- Suite 753- 76343-0355- Port Anita- North Carolina- United States
4547037089, 053 Kshlerin Track- Apt. 807- 08688-3520- West Lloyd- Idaho- United States
4078361634, 896 Dietrich Meadows- Apt. 940- 37007-7415- Lake Maximilian- Utah- United States
9767695476, 3202 Kendrick Via- Apt. 829- 45848-7113- Imaniside- New Jersey- United States
1737720860, 26577 Runte Radial- Apt. 417- 16106-7664- New Jazlynland- Pennsylvania- United States
7966740498, 533 Leannon Drive- Apt. 302- 40227- East Joey- New Mexico- United States
4297781972, 30434 Estell Green- Suite 642- 44128-1476- Clareshire- Illinois- United States
1830415279, 66201 Gardner Rapid- Apt. 231- 24728-7236- Port Nolaport- Louisiana- United States
9851094749, 80815 Lehner Circle- Suite 773- 45891- Lake Johannstad- Wyoming- United States
4356666427, 8072 Green Circle- Suite 432- 14959- East Nichole- Michigan- United States
6487794219, 5220 Morissette Center- Apt. 643- 21191-9210- Harrisberg- Oklahoma- United States
8493114518, 4783 Dietrich Locks- Suite 864- 22114- West Travon- Delaware- United States
6915766114, 676 Bahringer Roads- Apt. 611- 86390-9019- North Treybury- Florida- United States
5215078932, 729 Cleta Club- Suite 109- 52109-1640- West Lavern- Rhode Island- United States
5925431809, 29443 Demarco Crescent- Apt. 666- 29814- Port Clemmie- Massachusetts- United States
4600542039, 55046 Yundt Passage- Apt. 846- 21441-6802- Mannton- Iowa- United States
3814837384, 7362 Schmidt Grove- Apt. 716- 92977- North Sebastianmouth- Pennsylvania- United States
4044032536, 92485 Kip Flats- Suite 644- 08510- North Hettietown- New Mexico- United States
3314201424, 990 Karolann Street- Suite 835- 54324- Kriston- Illinois- United States
9553174833, 75056 Boyer Motorway- Suite 351- 68742- Imogenefort- Rhode Island- United States
2346371050, 93633 Bergstrom Cove- Suite 997- 83843- South Vivaborough- Oregon- United States
8331386823, 0788 Jannie Flats- Apt. 355- 88243-1349- Murphyville- Florida- United States
3091716163, 1515 Madelynn Turnpike- Suite 752- 99974- Verlabury- California- United States
7224048457, 57440 Therese Harbors- Apt. 008- 67440- South Gaston- Florida- United States
9731736881, 111 Kassulke Trail- Apt. 589- 56146-0246- New Francisshire- North Dakota- United States
3234574519, 771 Michelle Field- Apt. 851- 14359-0371- East Janis- Florida- United States
8276366861, 934 Lucile Tunnel- Apt. 640- 30925-9457- Tressieside- Georgia- United States
6052401839, 12189 Reinhold Ports- Apt. 172- 55153-9083- East Alenaland- Kentucky- United States
4727418746, 261 Liana Freeway- Apt. 692- 01935- Port Josephine- Nevada- United States
2527967845, 224 Gracie Loop- Suite 661- 12514-1254- New Carmine- Nebraska- United States
2795267163, 2925 Veum Stravenue- Suite 814- 07694- Virginiaside- Kansas- United States
5762350389, 09182 Doyle Manors- Suite 921- 05831- Flaviohaven- New Jersey- United States
3577335541, 490 Kunde Pass- Apt. 911- 36339-2537- New Cassidyshire- Mississippi- United States
9849747962, 346 Spinka Avenue- Suite 580- 78846-2328- Newellchester- Missouri- United States
2230546659, 923 Hayden Fork- Apt. 198- 80528-4244- Valentinebury- Utah- United States
2848917690, 59931 Damian Cliffs- Suite 599- 12204-9877- Port Cayla- Tennessee- United States
8205031143, 43935 Beahan Course- Suite 092- 00509- East Axelland- New Mexico- United States
9429769077, 961 Morar Keys- Suite 378- 93531-6229- Sipesville- New Jersey- United States
9146526699, 274 Streich Cliff- Suite 897- 43878- South Maximilian- New Mexico- United States
7416384767, 1045 Denesik Creek- Apt. 200- 27643-7735- West Kaitlynland- Hawaii- United States
1573820370, 22087 Sanford Bridge- Suite 078- 35322- Lueville- South Dakota- United States
8363178783, 08632 McGlynn Courts- Apt. 770- 85272- South Veronica- North Dakota- United States
1380745088, 6784 Crooks Expressway- Suite 165- 62489-4220- Lake Ethanville- Wyoming- United States
5160394720, 2153 Bailey Terrace- Suite 813- 85325- Antonioview- Minnesota- United States
6209470719, 490 Merritt Lane- Apt. 410- 99727-7148- New Damion- Arkansas- United States
7953200920, 58640 Helena Bypass- Apt. 801- 28931- Bernierchester- North Carolina- United States
1007115512, 26468 Everett Throughway- Apt. 838- 13284- Lake Samara- Alabama- United States
8657032609, 85448 Langosh Ridge- Apt. 489- 82248-9214- West Jaylon- Minnesota- United States
4628175345, 309 Leslie Falls- Suite 384- 07050-6544- Schadenview- Kansas- United States
1439296239, 9018 Guiseppe Knolls- Apt. 505- 72921-1084- New Foster- Mississippi- United States
9246126386, 7279 Schiller Plains- Apt. 028- 16957- North Kavonbury- Georgia- United States
5891228105, 45102 Spinka Prairie- Apt. 343- 09953-4184- Lake Normafurt- Oklahoma- United States
4562985980, 92116 Watsica Vista- Suite 057- 24670-2028- South Genesis- Pennsylvania- United States
7002885840, 10711 Conn Cliffs- Apt. 439- 86476- Madisynshire- New Jersey- United States
8166667850, 69390 Lloyd Springs- Suite 025- 95457-0836- Kennithburgh- New Mexico- United States
7887480504, 017 Mitchell Islands- Apt. 627- 43321-1578- Sethton- Missouri- United States
4321374107, 83515 Lemke Course- Suite 272- 17961-0928- Lockmanville- Alaska- United States
3776033489, 7168 Jayde Lodge- Suite 990- 54366- Schillerfort- Wisconsin- United States
3117178036, 87627 Prosacco Ville- Suite 921- 93903- Lockmanhaven- Oregon- United States
6181674731, 69551 Allene Curve- Apt. 037- 81877- South Chynaport- New York- United States
2021196674, 415 Gottlieb Pass- Apt. 832- 79808-3464- Dayanastad- Idaho- United States
5067563132, 0468 Zemlak Manors- Suite 222- 80684- West Shaniyaport- Indiana- United States
6940923534, 3979 Nichole Gardens- Suite 585- 56782-0656- East Angie- Indiana- United States
8635069932, 5729 Bode Park- Apt. 433- 08025-0188- West Jaquelintown- Arizona- United States
4603912434, 659 Borer Passage- Apt. 178- 44870-4618- Port Kennithport- Missouri- United States
4709001202, 47761 Hammes Fort- Suite 317- 95218- West Sierra- Delaware- United States
2852142284, 12506 Streich Divide- Suite 572- 75550-0950- Abshirefort- Oregon- United States
7087141598, 52264 Spencer Village- Suite 726- 34090- Gerlachfurt- Texas- United States
8084293673, 989 Prosacco Way- Suite 183- 06744- Thadhaven- Nebraska- United States
7322208542, 31095 Keaton Parkways- Suite 263- 44802-0788- North Gaystad- Mississippi- United States
2243921124, 00104 Nikolas Fields- Suite 713- 34156- South Russelport- New Hampshire- United States
6490041152, 6905 Metz Valley- Apt. 909- 12393-8937- New Nobletown- Kansas- United States
3704995236, 739 Samson Street- Suite 187- 35191-2184- Mayerville- Idaho- United States
8535552387, 8274 Collins Tunnel- Apt. 888- 90830-0891- North Sibylside- New Hampshire- United States
8250692413, 3200 Mohr Square- Apt. 468- 31344-4321- North Natalieland- Florida- United States
3711608176, 96791 Bednar Terrace- Apt. 928- 23302- North Mittiefurt- Maryland- United States
3646156141, 092 Jacobs Forge- Apt. 591- 02384- Micaelatown- New Mexico- United States
6752971370, 234 Auer Point- Suite 653- 98785-7491- Letitiaton- Maryland- United States
9221000816, 0146 Maurice Ramp- Suite 322- 91284- Lake Vilma- Illinois- United States
3588980540, 6719 Koelpin Haven- Apt. 098- 55443-5763- North Christa- Missouri- United States
8392173511, 34942 Olson Mall- Apt. 111- 77640-1394- New Manuelborough- Michigan- United States
4106563475, 8888 Mattie Flats- Apt. 892- 08196- Deckowside- Utah- United States
2561972940, 85755 Allen Summit- Suite 997- 92926-2226- North Colt- Alabama- United States
6671064310, 488 Reinger Squares- Apt. 859- 97750-2355- North Shanie- Idaho- United States
6966188979, 31807 Jarrell Alley- Suite 305- 22920-2647- Port Avisside- Montana- United States
4676061651, 0996 Beier Crossing- Apt. 486- 03886- Jeffhaven- Oregon- United States
7208377198, 2789 Hane Springs- Apt. 993- 24110-3369- Rempelhaven- Oklahoma- United States
4998355213, 97720 Dicki Plains- Suite 394- 15917- Ratkeside- Alabama- United States
1495505752, 486 Chelsea Crossroad- Suite 661- 54608-0740- Effiemouth- Nevada- United States
9295161910, 51321 Leonie Gateway- Apt. 313- 52764- Hesseltown- Vermont- United States
4950287527, 2976 Huel Radial- Suite 657- 53151- West Brenna- Utah- United States
1154088441, 5007 Otha Route- Suite 290- 68150- Hegmannshire- Montana- United States
3942735622, 2654 Mann Street- Apt. 067- 40983- Lanetown- Delaware- United States
3193116521, 599 Katarina Center- Suite 371- 66414-9822- Lake Maritza- North Dakota- United States
3319736745, 8544 Grady Fords- Suite 323- 27202-8819- Bryanachester- Virginia- United States
9130648708, 65000 Rollin Cliffs- Suite 631- 23266- Adamsville- Pennsylvania- United States
7023771015, 184 Kemmer Gateway- Suite 964- 25944-5081- New Tyrell- California- United States
1930311400, 4214 Raoul Islands- Apt. 433- 58495- New Maudie- Maine- United States
3146266638, 77475 Abernathy Light- Suite 975- 65710- Lake Olinshire- Michigan- United States
2964261761, 15941 Wintheiser Coves- Apt. 211- 88485- Reggietown- Georgia- United States
8165265800, 825 Wehner Estate- Apt. 370- 48849- Muellerville- New Hampshire- United States
4804866515, 7207 Lilyan Roads- Suite 605- 70895-0016- North Edwardo- Alabama- United States
7142349552, 503 Kessler Station- Apt. 964- 12810- Lake Evalynport- Minnesota- United States
1959950827, 7330 Jude Route- Suite 599- 38264- Greysonhaven- Georgia- United States
3787468982, 294 Damion Orchard- Suite 118- 88317-5451- Lake Dorrismouth- South Carolina- United States
8463701871, 3946 Jane Well- Suite 423- 25644-2568- Considinetown- Washington- United States
1014824629, 454 Doris Wall- Apt. 410- 90119- South Joannyshire- Georgia- United States
5805012814, 42941 Malika Garden- Apt. 170- 88311- New Sophie- Texas- United States
2005893637, 674 Joyce Pass- Suite 590- 98447-7442- West Margarettaland- South Carolina- United States
7162705306, 718 Alanna Locks- Suite 389- 13320- MacGyverbury- Nevada- United States
8370858077, 56809 Tamia Roads- Suite 570- 84419-8200- Port Brooke- Washington- United States
4408573744, 82985 Art Springs- Apt. 397- 54759- Dustyborough- Oklahoma- United States
5257375685, 2361 Herman Pike- Apt. 122- 40208- New Ana- Hawaii- United States
8311227512, 811 Beer Drive- Suite 170- 93639-2567- Casperstad- Vermont- United States
6278818761, 501 Legros Vista- Apt. 454- 76701-6129- Morarstad- California- United States
7875072376, 494 Salma Ports- Suite 214- 71208-6193- Lake Pabloland- Wyoming- United States
4321789803, 2088 Parker Groves- Suite 821- 37393- Lake Madeline- Missouri- United States
5883450302, 8742 Rohan Greens- Apt. 445- 43724-8764- Halberg- Connecticut- United States
8220036744, 256 Alayna Station- Suite 843- 32202-7075- New Devon- Kansas- United States
7100954767, 625 Boris Passage- Apt. 444- 00259-5851- West Mable- Missouri- United States
8627157850, 005 Schowalter Union- Apt. 572- 57386-2067- Bergnaumview- Mississippi- United States
5539673435, 14127 Ashtyn Brooks- Suite 892- 38709-0178- Quigleyburgh- Tennessee- United States
9257242027, 7059 Baumbach Village- Suite 596- 14428- Edmondside- Illinois- United States
4366549512, 001 Halvorson Way- Suite 341- 20141-7712- Ethamouth- Louisiana- United States
5952370136, 69524 Brennon Junction- Apt. 717- 29696- East Greggton- Colorado- United States
1740301239, 84094 Adams Valleys- Apt. 806- 07562- Daishatown- Connecticut- United States
6562765610, 820 Javon Shoal- Suite 821- 66816-8086- West Jadaberg- Montana- United States
6044549584, 369 Stanton Rest- Suite 776- 45320- North Effieview- Oregon- United States
7093413064, 2658 Maud Trail- Suite 232- 34671- Bobbiefurt- Washington- United States
3802522841, 56143 Wiegand Cape- Apt. 775- 59601-8860- New Theresahaven- Georgia- United States
6446995720, 23449 Vincent Harbor- Apt. 244- 98987- Chasityfurt- Kansas- United States
6593530111, 034 Auer Unions- Apt. 959- 21181-3113- Devonteberg- Colorado- United States
1011969862, 29370 Abshire Road- Suite 642- 33161-0536- Twilaview- Montana- United States
1704076253, 63482 Keeling Plaza- Apt. 480- 81964-6717- McDermottborough- Wyoming- United States
2304973045, 577 Beatty Landing- Suite 642- 28109- New Ike- Missouri- United States
6453842023, 8840 Beverly Hills- Apt. 628- 85820-3845- Maxwellchester- California- United States
2994517579, 538 Moises Lakes- Apt. 664- 71515- Yundtberg- Alaska- United States
7362634958, 6014 Pacocha Meadows- Apt. 382- 41793- Hermannmouth- South Carolina- United States
5693643983, 759 Grant View- Suite 784- 30024- Darianshire- Connecticut- United States
8770443129, 3599 Herman Mountain- Suite 699- 78791-4622- Boganburgh- Oklahoma- United States
9484660402, 628 Joy Plains- Suite 905- 87435-9965- North Murielville- Massachusetts- United States
7178648851, 36802 Axel Garden- Suite 428- 42541- Streichville- Nevada- United States
3439334298, 32399 Johnson Isle- Suite 099- 84747- Lake Jeanettefurt- Colorado- United States
5023169847, 1047 Joanny Alley- Apt. 083- 53558- Port Sydnee- Delaware- United States
9048478957, 56057 Elisabeth Centers- Apt. 968- 80486- Eulahburgh- Minnesota- United States
6432903576, 040 Hammes Mountain- Suite 158- 13977- New Craig- New York- United States
4535692793, 10244 D'Amore Rapid- Suite 706- 08586- West Ford- New York- United States
5570050278, 276 Friesen Branch- Apt. 474- 27412-8788- Goldaville- Alaska- United States
4040520208, 32612 Romaguera Ville- Suite 629- 93439- East Mireya- Illinois- United States
9199926253, 541 Lempi Rest- Suite 069- 90939-2020- Giovaniville- Delaware- United States
9720555885, 85140 Tyree Spring- Suite 287- 92711-0695- New Chester- Kansas- United States
6259386834, 06945 Willms Shores- Apt. 608- 76368-7640- Lake Othaland- Rhode Island- United States
2427392129, 687 Bo Garden- Suite 719- 36133- Lake Lurahaven- Illinois- United States
3085998121, 4912 Daisha Centers- Suite 824- 32542-6443- North Reta- Tennessee- United States
8752903656, 79318 Sawayn Forks- Suite 539- 24116-7004- West Erinbury- Montana- United States
4312614112, 868 Destiny Ports- Apt. 698- 97082- Goyettebury- Washington- United States
2981581825, 89762 Wilfrid Parks- Apt. 087- 79352-0712- New Lennie- New Jersey- United States
6153318230, 57251 Heathcote Fields- Apt. 194- 76326-6749- Efrainside- Washington- United States
6204619989, 34861 Zita Well- Apt. 767- 83755- Murazikmouth- Minnesota- United States
9917270076, 004 Lauryn Skyway- Suite 364- 56048- Lake Ottoton- Washington- United States
2785743290, 6114 Beer Prairie- Suite 713- 17846- Port Gilbert- North Dakota- United States
2852612918, 71834 Kaci Rapids- Suite 414- 80578-4505- Dessieburgh- Pennsylvania- United States
6085782783, 2882 Margaretta Expressway- Apt. 123- 79169-2834- Tiannachester- Colorado- United States
7462057445, 473 Legros Creek- Apt. 608- 95895-5394- Port Geovanni- New Jersey- United States
4403274467, 1807 Kozey Walks- Suite 199- 18061-8015- Alisaton- New Mexico- United States
6973210074, 664 Streich Station- Apt. 431- 84043-7109- Pacochaton- Minnesota- United States
8534101694, 506 Caleb Forest- Apt. 454- 50448-3295- Catharinefort- New York- United States
3563956966, 90565 Marks Trail- Apt. 975- 71444- Harbertown- Pennsylvania- United States
5728293237, 0033 Ernestine Haven- Apt. 457- 63394-7314- Greenholtside- West Virginia- United States
5797902098, 635 Hickle Ville- Apt. 477- 04302- Lake Leilaborough- Vermont- United States
8615016659, 42816 Harber Camp- Suite 936- 52295-0564- South Doyleview- Nevada- United States
6635637042, 1429 Ayden Trail- Suite 637- 69523-5403- Mrazton- West Virginia- United States
9379128666, 3922 Gino Alley- Apt. 224- 10416- East Maud- West Virginia- United States
7020057434, 44462 Arlie Valleys- Apt. 043- 34976- New Jodymouth- Wyoming- United States
7352578914, 45841 Tremblay Lakes- Suite 212- 70603-6005- New Edwardo- Wyoming- United States
2203163887, 807 Bruen Place- Suite 900- 19062-2422- Lake Elvisbury- Illinois- United States
7614781863, 8473 Cleveland Springs- Apt. 036- 44610- D'Amoreberg- Delaware- United States
6619834962, 78568 Damion Route- Apt. 554- 46014-2402- Hodkiewiczhaven- Maryland- United States
3924102654, 1979 Witting River- Suite 385- 58810- New Briceburgh- Massachusetts- United States
1867384014, 77859 Dare Common- Suite 783- 90052- Clementinechester- Delaware- United States
4679529421, 3221 Carmel Ford- Apt. 863- 05276-2098- New Daltonstad- Indiana- United States
7481456785, 9150 Mayer Pine- Apt. 568- 54693-2492- Port Torreybury- Maine- United States
9669126734, 43657 Wolf Turnpike- Suite 640- 46155- Bradmouth- Maine- United States
8435994092, 133 Vergie Forges- Apt. 467- 98110-5317- Hegmanntown- Illinois- United States
4225049737, 4341 Mante Oval- Suite 193- 10828-5929- North Efrainfort- Maine- United States
1410258579, 149 Armstrong Lodge- Apt. 886- 56500-3947- Elinoreborough- Ohio- United States
3384532197, 327 Stephany Street- Apt. 108- 66040- East Freddymouth- Virginia- United States
9812025911, 4331 Margaretta Flats- Suite 153- 87718-7142- Crooksview- Virginia- United States
4771609509, 6549 Buckridge Garden- Apt. 709- 87926- East Bayleestad- Georgia- United States
4886282910, 9411 Holly Summit- Suite 024- 13595-4743- North Amaliamouth- Illinois- United States
1825006360, 35493 Kacey Harbors- Suite 833- 71231- Ottiston- North Dakota- United States
4859728217, 7893 Kurtis Brook- Apt. 731- 21709- Colleenport- Alabama- United States
3915407586, 9937 Aufderhar Camp- Suite 557- 56088- Ondrickaton- Massachusetts- United States
3618008971, 58527 Jermaine Corner- Suite 892- 59075- Lonniechester- New York- United States
8367621599, 59994 Lilyan Dam- Suite 035- 02759-9020- West Carleyville- North Carolina- United States
1888561155, 028 Christina Meadow- Suite 935- 67797- North Rowena- Texas- United States
2875507473, 0000 Myriam Points- Apt. 363- 14444-5600- Port Shirleystad- Montana- United States
8469173019, 111 Marisol Villages- Apt. 814- 56058- Noeliaville- New York- United States
4177723365, 5598 Reese Pine- Suite 137- 72650-1884- Cristobalfurt- Pennsylvania- United States
6846269916, 16495 Feeney Highway- Suite 516- 10335- Lake Ralphport- California- United States
7194371891, 339 Juliana Mill- Apt. 037- 53423-6439- East Chester- Texas- United States
7757151198, 6984 Schulist Flats- Apt. 533- 89905- Sabrynatown- Nebraska- United States
2987117587, 00377 Candida Skyway- Suite 445- 57513- East Myrl- Florida- United States
7065213639, 3835 Marina Rest- Suite 837- 26378-7501- West Priscilla- North Carolina- United States
3849432458, 106 Haley River- Suite 918- 84939-4667- Yvetteview- Florida- United States
1065739554, 6985 Williamson Row- Suite 530- 79665-3681- East Scottie- Maine- United States
6627778485, 78008 Hahn Ports- Suite 672- 48503- Port Walter- New Jersey- United States
7129909762, 5335 Lydia Oval- Apt. 039- 88450-0230- Lake Cleoraburgh- Nevada- United States
8499749897, 35610 Macejkovic Mission- Apt. 946- 42976-5143- Swiftville- Nebraska- United States
5057843793, 4481 Gorczany Wall- Apt. 708- 64041-9456- Kovacekville- Missouri- United States
4630013581, 125 Regan Turnpike- Suite 333- 32285- Lake Bradytown- Hawaii- United States
8071552405, 8551 Lang Junctions- Suite 984- 16605- East Zackside- New Mexico- United States
2290539553, 49502 Alisha Street- Apt. 241- 40268- West Gregoria- New Jersey- United States
9811712120, 581 Stamm Falls- Suite 454- 01527- Kadinstad- Maryland- United States
8046912170, 401 Dare Street- Apt. 794- 32120-9257- Johanburgh- Florida- United States
6387627275, 104 Fadel Walks- Apt. 740- 69242- Lake Merlin- South Dakota- United States
8499070398, 9237 Ally Dale- Suite 899- 92536-8056- North Sterling- Idaho- United States
5117327477, 0129 Aufderhar Junctions- Suite 386- 79042- Mosciskishire- Kansas- United States
2185736079, 183 Predovic Brooks- Suite 661- 97294- Baumbachchester- Nebraska- United States
4588183309, 54950 Raynor Island- Apt. 519- 62264- West Ignatius- Utah- United States
4351610761, 1908 Aniya Neck- Apt. 661- 14499- Lake Eileentown- Minnesota- United States
9807097488, 54517 Bahringer Gateway- Apt. 570- 54320-8493- West Earnestine- Georgia- United States
1837874737, 77762 Dickinson Islands- Apt. 176- 31247-7059- Durwardburgh- Florida- United States
6358611979, 6726 Kiara View- Apt. 544- 93031- East Eliza- West Virginia- United States
3640628455, 7725 Ida Mills- Apt. 142- 66122- West Gwendolynberg- Wisconsin- United States
4750803904, 62500 Mariano Manor- Suite 493- 21903-9925- Coraland- Massachusetts- United States
9991110771, 1521 Nick Flats- Apt. 868- 90046- South Madonnamouth- Washington- United States
4693327887, 35006 Anderson Islands- Suite 186- 47526-9911- Noetown- Alaska- United States
5045593752, 9191 Okuneva Bypass- Apt. 561- 01752-5286- Aglaeview- Missouri- United States
2658988147, 88600 Colin Rapids- Apt. 706- 07597- Auertown- Louisiana- United States
7933780863, 48372 Runolfsdottir Glens- Apt. 682- 06592- Lake Lomaton- New York- United States
9746543815, 310 Catherine Harbors- Apt. 080- 83732- Reganmouth- Alabama- United States
3936992426, 388 Santino Underpass- Apt. 397- 78521- Sawaynville- Maryland- United States
5252940872, 24452 Houston Streets- Suite 349- 48420-2895- South Glenport- Rhode Island- United States
4313302899, 1402 Rachelle Trail- Apt. 267- 09392- Port Viviennebury- Virginia- United States
9970517381, 91954 Frederik Village- Apt. 571- 15242- Sheridanburgh- Georgia- United States
1562895844, 3385 Kuhn Path- Suite 397- 07555-1071- Lake Bernie- New Mexico- United States
6099768566, 430 Jerde Mission- Suite 006- 29211- Port Zoey- Connecticut- United States
6856689211, 32179 Gerlach Island- Suite 823- 97240-6719- East Leorastad- New Hampshire- United States
1778098222, 2974 Gia Shore- Apt. 738- 78271-9754- Schusterhaven- Wisconsin- United States
7839060825, 9454 Monahan Burg- Apt. 144- 32040-9218- Lake Cindy- Wisconsin- United States
2042497123, 292 Hassie Circle- Apt. 260- 76567-1322- West Nelsbury- Iowa- United States
8834630514, 034 Greenfelder Streets- Suite 916- 17604-3508- New Anissa- Montana- United States
8960426368, 7397 Kennedy Course- Suite 839- 36980-2182- Port Cecilmouth- Oklahoma- United States
8320908341, 23454 Patricia Mountain- Suite 496- 81680-8620- Spinkashire- South Carolina- United States
1031502923, 11043 Kassulke Station- Suite 082- 09634- Satterfieldburgh- Colorado- United States
7073470539, 6030 Erica Route- Suite 076- 25285- East Myriamland- Maine- United States
6869457498, 920 Guy Walk- Apt. 106- 86774-4015- Mooreland- Illinois- United States
5009887286, 284 Lueilwitz Highway- Suite 757- 44822- Neiltown- Hawaii- United States
2841764599, 3289 Rice Stream- Suite 431- 95554-7784- Reingermouth- Connecticut- United States
9374812707, 83165 Bayer Mountains- Apt. 891- 23007- Port Hunter- Iowa- United States
4066985939, 488 Farrell Row- Apt. 764- 57707- Roobfort- Wyoming- United States
4458712149, 2674 Kuhn Turnpike- Apt. 142- 79115-6776- New Israelborough- Kansas- United States
7207869682, 78511 Fahey Field- Suite 636- 95919- Schummland- Oregon- United States
2305299048, 4172 Friesen Gardens- Suite 354- 70309- Heberton- Arkansas- United States
7679898118, 93349 Bria Road- Suite 489- 92439-2378- West Autumnshire- Minnesota- United States
9540680794, 7321 Amina Locks- Apt. 805- 57470-0426- Rolfsonfort- Georgia- United States
2151689740, 68751 Littel Crescent- Apt. 864- 85910-1214- New Brennon- Iowa- United States
7144837593, 9453 Mayert Forge- Apt. 962- 16598-1287- New Mckaylaside- Arkansas- United States
2375652969, 36990 Ladarius Springs- Apt. 485- 82370-1622- New Melvina- Oklahoma- United States
2931674659, 13312 Volkman Ferry- Apt. 446- 81976- Bruenport- Georgia- United States
8072688353, 308 Kamren Dale- Suite 196- 05123- North Goldafort- Montana- United States
2780418672, 874 Bartoletti Park- Suite 850- 33374- Tessiemouth- Iowa- United States
3913967154, 39774 Hermann Point- Suite 858- 03343-6910- Bergstromfurt- Oregon- United States
1099701034, 2045 Huel Stream- Suite 028- 25066-7580- West Lorenz- Nevada- United States
5887374189, 12456 Wiegand Park- Apt. 474- 32623-1487- Gutmannton- Nevada- United States
8220784182, 87638 Kris Freeway- Suite 323- 78382- Kulasview- North Carolina- United States
7937083651, 181 Destiny Extension- Suite 371- 39297-1345- Jalonville- Iowa- United States
5368099577, 194 Kiehn Ranch- Apt. 303- 50414-1932- West Emelie- Virginia- United States
8968396055, 3574 Monahan Corners- Suite 317- 02349- New Lorena- New York- United States
7038592152, 52012 Hammes Oval- Apt. 873- 52730- East Kaiaview- Montana- United States
6926004436, 64027 Kiarra Square- Apt. 723- 57368-0818- Port Robertside- New Mexico- United States
1684557692, 6925 Blair Bypass- Apt. 727- 07546-6891- Filibertoview- Washington- United States
4233127110, 43622 Will Divide- Apt. 063- 66566-8587- Ursulamouth- Delaware- United States
2095589506, 946 Smith Islands- Apt. 218- 90444-4169- New Evangeline- North Dakota- United States
8620198946, 442 Kovacek Villages- Apt. 599- 76863- West Haylee- Arizona- United States
3005487421, 952 Claude Pine- Apt. 149- 60470-9014- Hanetown- Mississippi- United States
3957499584, 5567 Jermaine Field- Suite 925- 31264-8616- North Kellenborough- Ohio- United States
7557044064, 12499 Delphia Well- Apt. 694- 29007- MacGyverchester- Missouri- United States
9368363308, 489 Mason Village- Apt. 377- 54372- Omarimouth- Arkansas- United States
6078986748, 483 Shyann Inlet- Apt. 372- 10052- Sabrinamouth- Connecticut- United States
6228671324, 751 Kling Mountains- Suite 526- 24759- West Darrickburgh- Vermont- United States
4547220486, 4504 Mozell Vista- Apt. 510- 06307-0518- Port Kaia- Colorado- United States
3084105493, 90589 Shanahan Camp- Apt. 104- 09082- Balistreriside- Connecticut- United States
5754008485, 46260 Sheldon Roads- Suite 905- 72295- Lake Ellen- Oklahoma- United States
4307343377, 65562 Delpha Square- Apt. 316- 39081-0700- Keenanchester- Maryland- United States
1001118558, 29678 O'Keefe Court- Suite 262- 96542-6529- Schultzmouth- South Carolina- United States
4178926925, 41463 Boyle Fork- Apt. 041- 86964-2589- Port Clare- Pennsylvania- United States
4594888923, 08423 Turcotte Meadows- Suite 002- 16495-4010- Port Nathen- California- United States
9971319718, 5872 Murazik Glens- Apt. 168- 07702-7435- Port Carterview- California- United States
3972128833, 9432 Rau Pines- Apt. 867- 59538-2520- Port Cassidybury- Oregon- United States
1533867784, 92050 Brown Hills- Suite 531- 27926-3711- Berneicefurt- Maryland- United States
4340223545, 329 Emmitt Common- Suite 868- 75767-0753- Tylerton- Wisconsin- United States
5653623138, 0511 Ernser Key- Apt. 650- 80513- Langoshshire- Vermont- United States
2866181058, 825 Hills Cove- Suite 070- 93405-7288- Blickview- Nevada- United States
1319698702, 6980 Mozelle Meadow- Apt. 307- 41637- Hahnfort- Pennsylvania- United States
9193866031, 1596 Volkman Points- Suite 784- 13035- North Haroldside- Mississippi- United States
6020555502, 745 Eliseo Loaf- Apt. 377- 24220- Kaylifort- Louisiana- United States
1327364407, 726 Linnie Mountains- Suite 775- 56796- Elnamouth- Vermont- United States
6235123328, 9237 Keebler Tunnel- Suite 991- 85738-1105- Smithamstad- Montana- United States
